               epoch,      train/box_loss,      train/obj_loss,      train/cls_loss,   metrics/precision,      metrics/recall,     metrics/mAP_0.5,metrics/mAP_0.5:0.95,        val/box_loss,        val/obj_loss,        val/cls_loss,               x/lr0,               x/lr1,               x/lr2,  metrics/bishop_mAP,    metrics/King_mAP,    metrics/pawn_mAP,   metrics/Queen_mAP,    metrics/rook_mAP,  metrics/Knight_mAP,metrics/bishop_mAP_50, metrics/King_mAP_50, metrics/pawn_mAP_50,metrics/Queen_mAP_50, metrics/rook_mAP_50,metrics/Knight_mAP_50
                   0,             0.12343,            0.086733,            0.057013,                   0,                   0,                   0,                   0,              0.1114,            0.088787,            0.060502,              0.0991,              0.0001,              0.0001,                   0,                   0,                   0,                   0,                   0,                   0,                   0,                   0,                   0,                   0,                   0,                   0
                   1,             0.12025,            0.074517,            0.057886,           0.0052193,            0.025367,           0.0036392,          0.00040655,             0.10848,            0.092604,            0.060148,            0.097297,          0.00029703,          0.00029703,                   0,                   0,          0.00051157,           0.0019277,                   0,                   0,                   0,                   0,           0.0025579,            0.019277,                   0,                   0
                   2,             0.11662,             0.10312,            0.056716,           0.0036381,            0.025367,           0.0024799,          0.00057428,             0.10358,            0.099057,            0.059411,             0.09549,           0.0004901,           0.0004901,                   0,                   0,          0.00093955,           0.0025061,                   0,                   0,                   0,                   0,           0.0023489,            0.012531,                   0,                   0
                   3,             0.11653,            0.081941,            0.056783,            0.010552,            0.039386,           0.0063772,           0.0024303,              0.0975,             0.10714,            0.058515,            0.093679,          0.00067921,          0.00067921,                   0,                   0,            0.010797,           0.0037844,                   0,                   0,                   0,                   0,            0.025649,            0.012615,                   0,                   0
                   4,              0.1119,            0.082878,            0.056675,            0.014463,            0.062326,           0.0095709,           0.0043753,            0.091296,             0.11525,            0.057313,            0.091864,          0.00086436,          0.00086436,                   0,           0.0011047,             0.01842,            0.006727,                   0,                   0,                   0,           0.0022093,            0.044005,            0.011212,                   0,                   0
                   5,             0.10417,             0.10417,            0.056189,            0.019215,             0.11198,            0.016369,           0.0046411,            0.085403,             0.12147,            0.055922,            0.090046,           0.0010455,           0.0010455,                   0,           0.0040022,            0.013143,            0.010701,                   0,                   0,                   0,             0.01495,            0.050419,            0.032844,                   0,                   0
                   6,              0.1059,             0.11471,            0.054445,            0.013276,            0.087268,            0.015897,           0.0038941,            0.082657,             0.12226,            0.054538,            0.088223,           0.0012228,           0.0012228,                   0,             0.01036,           0.0040721,            0.008932,                   0,                   0,                   0,            0.029398,            0.018995,            0.046987,                   0,                   0
                   7,              0.1007,             0.12016,            0.053263,            0.014383,             0.14518,            0.023585,           0.0073268,            0.077821,             0.12599,            0.052996,            0.086396,            0.001396,            0.001396,                   0,            0.032372,            0.006332,           0.0052566,                   0,                   0,                   0,            0.083055,            0.029266,            0.029186,                   0,                   0
                   8,             0.09544,             0.12365,            0.052814,            0.012538,             0.14207,            0.018706,            0.006157,            0.076257,             0.12549,            0.052313,            0.084565,           0.0015654,           0.0015654,                   0,            0.024272,           0.0068883,           0.0057821,                   0,                   0,                   0,            0.069603,            0.024569,            0.018063,                   0,                   0
                   9,            0.089601,             0.11118,            0.052244,            0.013251,              0.1483,             0.02411,           0.0077026,            0.074113,             0.12462,            0.051782,            0.082731,           0.0017307,           0.0017307,                   0,            0.030967,           0.0084525,           0.0067961,                   0,                   0,                   0,            0.084432,            0.044303,            0.015925,                   0,                   0
                  10,             0.09117,             0.12676,            0.052906,            0.016949,             0.15073,             0.02944,           0.0096899,            0.070528,             0.12373,            0.050839,            0.080892,           0.0018921,           0.0018921,                   0,            0.033738,            0.012152,            0.012249,                   0,                   0,                   0,            0.080594,            0.044398,            0.051645,                   0,                   0
                  11,            0.086629,             0.12285,            0.051963,            0.025666,             0.17789,            0.045109,            0.020382,            0.067697,             0.11854,            0.050496,             0.07905,           0.0020495,           0.0020495,                   0,            0.041923,            0.074226,            0.006143,                   0,                   0,                   0,             0.09592,             0.15906,            0.015668,                   0,                   0
                  12,            0.087928,             0.12634,            0.052501,            0.027663,              0.2017,            0.055732,            0.021378,            0.066361,             0.10988,            0.049721,            0.077203,            0.002203,            0.002203,                   0,            0.049337,            0.066905,            0.012024,                   0,                   0,                   0,             0.14256,              0.1597,            0.032132,                   0,                   0
                  13,            0.083028,            0.092365,            0.052507,            0.061998,            0.044747,            0.036943,             0.01918,            0.064746,            0.097201,            0.048261,            0.075353,           0.0023525,           0.0023525,                   0,            0.024338,            0.072361,            0.018379,                   0,                   0,                   0,            0.054653,             0.12751,            0.039492,                   0,                   0
                  14,            0.084161,             0.14572,            0.049602,            0.055727,            0.042552,            0.036448,            0.019245,            0.067916,            0.090295,            0.046574,            0.073498,           0.0024981,           0.0024981,                   0,             0.09629,            0.003421,            0.015758,                   0,                   0,                   0,             0.16099,           0.0095205,            0.048181,                   0,                   0
                  15,            0.080815,             0.10728,            0.050017,            0.030466,            0.050127,            0.029499,            0.012237,            0.062593,            0.091067,            0.045398,             0.07164,           0.0026396,           0.0026396,                   0,            0.044303,           0.0058737,            0.023246,                   0,                   0,                   0,             0.09355,            0.018845,            0.064598,                   0,                   0
                  16,            0.079645,             0.10208,            0.049643,            0.068769,            0.073937,            0.032249,           0.0087231,            0.070694,             0.10586,            0.044601,            0.069777,           0.0027773,           0.0027773,                   0,            0.024104,           0.0052533,            0.022981,                   0,                   0,                   0,            0.069934,           0.0089091,             0.11465,                   0,                   0
                  17,            0.078122,            0.091224,            0.048999,            0.086628,            0.057228,            0.035997,           0.0079025,             0.07187,             0.11637,            0.043954,            0.067911,           0.0029109,           0.0029109,                   0,             0.01314,           0.0059699,            0.028305,                   0,                   0,                   0,            0.042384,           0.0088375,             0.16476,                   0,                   0
                  18,            0.079431,            0.072916,            0.048991,             0.14946,            0.073937,            0.069697,            0.021447,            0.060158,             0.11744,            0.042435,            0.066041,           0.0030407,           0.0030407,                   0,            0.080133,           0.0078228,            0.040728,                   0,                   0,                   0,             0.14672,            0.017711,             0.25375,                   0,                   0
                  19,            0.071399,            0.072363,            0.045187,              0.2374,             0.10643,            0.040208,            0.011187,            0.072832,             0.13221,            0.041299,            0.064166,           0.0031664,           0.0031664,                   0,            0.022682,            0.021268,            0.023174,                   0,                   0,                   0,            0.064781,            0.080988,            0.095476,                   0,                   0
                  20,            0.077996,            0.092596,            0.046414,             0.28276,            0.073937,            0.059713,            0.016894,            0.068885,             0.13015,            0.040596,            0.062288,           0.0032882,           0.0032882,                   0,            0.062787,           0.0036061,            0.034969,                   0,                   0,                   0,             0.16351,            0.009614,             0.18515,                   0,                   0
                  21,            0.075254,            0.082385,             0.04784,             0.60742,            0.042552,            0.047425,            0.021627,              0.0759,             0.13691,            0.039839,            0.060406,            0.003406,            0.003406,                   0,            0.085407,           0.0048225,            0.039531,                   0,                   0,                   0,             0.16716,            0.011426,             0.10597,                   0,                   0
                  22,            0.074545,            0.085617,            0.046687,             0.55746,            0.033418,            0.025204,            0.010572,            0.067846,             0.13007,            0.038815,             0.05852,           0.0035199,           0.0035199,                   0,            0.040859,           0.0038776,            0.018696,                   0,                   0,                   0,            0.093987,           0.0065091,             0.05073,                   0,                   0
                  23,            0.074612,            0.083774,            0.042621,             0.19807,             0.12156,            0.044024,            0.015447,            0.069311,             0.12546,            0.038185,             0.05663,           0.0036298,           0.0036298,                   0,            0.033228,           0.0051779,            0.054273,                   0,                   0,                   0,             0.10955,            0.012374,             0.14222,                   0,                   0
                  24,            0.077716,            0.065755,            0.047942,             0.20022,              0.2195,            0.054121,            0.025168,             0.06615,             0.11245,            0.038534,            0.054736,           0.0037358,           0.0037358,                   0,            0.053138,            0.039632,            0.058239,                   0,                   0,                   0,            0.098923,             0.12176,             0.10404,                   0,                   0
                  25,            0.074737,            0.062674,             0.04295,             0.90528,            0.071651,            0.069478,            0.022541,            0.068062,            0.098372,            0.038214,            0.052838,           0.0038378,           0.0038378,                   0,            0.024569,            0.084058,             0.02662,                   0,                   0,                   0,            0.065909,             0.29157,            0.059393,                   0,                   0
                  26,            0.068573,            0.087783,              0.0446,            0.035971,             0.24022,            0.062877,            0.032014,            0.070789,            0.091294,            0.038381,            0.050936,           0.0039358,           0.0039358,                   0,            0.037613,            0.090524,            0.063945,                   0,                   0,                   0,             0.09305,             0.16365,             0.12057,                   0,                   0
                  27,            0.067926,            0.073092,            0.046175,            0.035971,             0.24022,            0.062877,            0.032014,            0.070789,            0.091294,            0.038381,             0.04903,           0.0040299,           0.0040299,                   0,            0.037613,            0.090524,            0.063945,                   0,                   0,                   0,             0.09305,             0.16365,             0.12057,                   0,                   0
                  28,            0.067852,            0.059485,            0.045659,             0.85077,            0.087773,             0.11403,            0.034925,            0.061399,            0.081386,            0.038576,             0.04712,             0.00412,             0.00412,            0.010992,            0.040881,            0.085242,            0.072437,                   0,                   0,            0.054477,             0.10355,             0.35161,             0.17451,                   0,                   0
                  29,              0.0665,            0.063481,             0.04419,            0.050808,             0.24022,            0.082944,            0.040086,            0.072806,            0.089415,            0.039036,            0.045206,           0.0042061,           0.0042061,                   0,            0.036519,            0.089636,             0.11436,                   0,                   0,                   0,            0.059867,             0.26677,             0.17103,                   0,                   0
                  30,            0.069084,            0.070122,            0.044426,            0.050808,             0.24022,            0.082944,            0.040086,            0.072806,            0.089415,            0.039036,            0.043288,           0.0042883,           0.0042883,                   0,            0.036519,            0.089636,             0.11436,                   0,                   0,                   0,            0.059867,             0.26677,             0.17103,                   0,                   0
                  31,            0.069923,            0.068883,              0.0415,             0.85338,               0.225,             0.22873,            0.078061,            0.067275,            0.078064,            0.037931,            0.041367,           0.0043665,           0.0043665,             0.10916,            0.027189,             0.31189,            0.020119,                   0,                   0,             0.38201,            0.071999,             0.87444,            0.043936,                   0,                   0
                  32,            0.077561,            0.078915,            0.041937,             0.53848,             0.23037,            0.065136,            0.038443,            0.069398,            0.077179,            0.037481,            0.039441,           0.0044408,           0.0044408,           0.0048321,             0.11052,            0.078462,            0.036839,                   0,                   0,           0.0096309,             0.16286,             0.15418,            0.064146,                   0,                   0
                  33,            0.075164,            0.064968,            0.042675,             0.53848,             0.23037,            0.065136,            0.038443,            0.069398,            0.077179,            0.037481,            0.037511,           0.0045111,           0.0045111,           0.0048321,             0.11052,            0.078462,            0.036839,                   0,                   0,           0.0096309,             0.16286,             0.15418,            0.064146,                   0,                   0
                  34,            0.070161,            0.084542,            0.041081,             0.79496,               0.225,             0.21662,            0.074937,            0.053156,            0.071385,            0.037028,            0.035577,           0.0045775,           0.0045775,             0.14754,            0.072606,             0.20783,            0.021653,                   0,                   0,             0.41416,             0.12375,             0.71212,            0.049683,                   0,                   0
                  35,            0.061823,            0.083322,            0.043928,            0.036638,             0.43506,             0.06252,            0.018119,            0.070398,             0.07908,            0.036352,             0.03364,           0.0046399,           0.0046399,           0.0036127,             0.01817,            0.049636,            0.037297,                   0,                   0,            0.015905,            0.071485,             0.13811,             0.14962,                   0,                   0
                  36,            0.071236,            0.057836,            0.040967,            0.054037,             0.47085,            0.061824,            0.018531,            0.070398,             0.07908,            0.036352,            0.031698,           0.0046983,           0.0046983,           0.0034669,            0.022074,            0.048306,            0.025734,                   0,            0.011607,            0.015331,            0.080409,             0.13501,             0.10231,                   0,            0.037879
                  37,            0.071073,            0.059568,            0.044316,             0.57699,             0.21805,             0.10613,            0.033777,             0.06695,            0.079828,            0.035527,            0.029753,           0.0047528,           0.0047528,             0.01434,            0.064038,            0.069145,            0.038673,                   0,            0.016463,            0.085067,             0.18296,             0.20591,             0.13023,                   0,            0.032593
                  38,            0.070132,            0.065696,            0.040054,             0.63786,             0.30076,             0.24009,            0.085603,             0.05839,            0.070035,            0.035181,            0.027803,           0.0048033,           0.0048033,            0.095741,             0.19997,             0.10716,            0.068163,                   0,            0.042589,             0.45012,             0.34759,             0.44691,             0.10052,                   0,            0.095422
                  39,            0.065987,            0.062499,            0.043341,             0.63786,             0.30076,             0.24009,            0.085603,             0.05839,            0.070035,            0.035181,             0.02585,           0.0048498,           0.0048498,            0.095741,             0.19997,             0.10716,            0.068163,                   0,            0.042589,             0.45012,             0.34759,             0.44691,             0.10052,                   0,            0.095422
                  40,             0.06645,            0.072092,            0.040336,             0.71264,             0.33849,              0.3574,              0.1185,            0.060964,            0.069525,            0.035348,            0.023892,           0.0048924,           0.0048924,             0.19823,             0.16748,             0.30172,             0.03518,                   0,           0.0083719,             0.59372,              0.5468,             0.89109,             0.09451,                   0,            0.018297
                  41,            0.070726,            0.073722,            0.042217,              0.7301,                0.35,             0.41821,              0.1988,            0.050464,            0.064385,            0.034966,            0.021931,            0.004931,            0.004931,             0.30915,             0.29814,             0.45022,            0.038619,            0.087168,           0.0095275,             0.69563,             0.71477,             0.91293,            0.066357,            0.096854,            0.022736
                  42,            0.061768,            0.075973,            0.043195,              0.7301,                0.35,             0.41821,              0.1988,            0.050464,            0.064385,            0.034966,            0.019966,           0.0049657,           0.0049657,             0.30915,             0.29814,             0.45022,            0.038619,            0.087168,           0.0095275,             0.69563,             0.71477,             0.91293,            0.066357,            0.096854,            0.022736
                  43,            0.062359,            0.070669,            0.037918,             0.60815,             0.31039,             0.18083,            0.086011,            0.059397,            0.070195,            0.034668,            0.017996,           0.0049964,           0.0049964,            0.079329,             0.26863,             0.12819,             0.01901,            0.012767,           0.0081397,             0.15513,             0.48153,             0.25328,            0.039058,             0.12767,            0.028335
                  44,            0.063868,            0.073768,            0.039946,             0.60815,             0.31039,             0.18083,            0.086011,            0.059397,            0.070195,            0.034668,            0.016023,           0.0050232,           0.0050232,            0.079329,             0.26863,             0.12819,             0.01901,            0.012767,           0.0081397,             0.15513,             0.48153,             0.25328,            0.039058,             0.12767,            0.028335
                  45,            0.063618,            0.064081,            0.040941,             0.70526,             0.33333,             0.34289,             0.16169,            0.059965,            0.067653,            0.033811,            0.014046,            0.005046,            0.005046,             0.24321,             0.29876,             0.38979,            0.026862,                   0,            0.011484,             0.55489,             0.62949,             0.77708,            0.067965,                   0,              0.0279
                  46,            0.060875,            0.055567,            0.040694,             0.70526,             0.33333,             0.34289,             0.16169,            0.059965,            0.067653,            0.033811,            0.012065,           0.0050648,           0.0050648,             0.24321,             0.29876,             0.38979,            0.026862,                   0,            0.011484,             0.55489,             0.62949,             0.77708,            0.067965,                   0,              0.0279
                  47,            0.061977,            0.074625,             0.03616,             0.77969,             0.38878,             0.31921,              0.1902,            0.057813,             0.06608,            0.033529,             0.01008,           0.0050797,           0.0050797,               0.401,             0.54405,             0.13762,            0.034949,                   0,            0.023595,             0.62511,             0.78786,              0.4177,            0.042795,                   0,             0.04178
                  48,            0.064163,            0.054441,            0.043329,             0.77969,             0.38878,             0.31921,              0.1902,            0.057813,             0.06608,            0.033529,           0.0080906,           0.0050906,           0.0050906,               0.401,             0.54405,             0.13762,            0.034949,                   0,            0.023595,             0.62511,             0.78786,              0.4177,            0.042795,                   0,             0.04178
                  49,            0.065059,            0.065711,            0.042933,             0.65288,             0.33016,             0.25166,             0.10562,            0.054109,            0.063041,            0.033117,           0.0060975,           0.0050975,           0.0050975,             0.12257,            0.083662,             0.34948,            0.022628,                   0,            0.055371,             0.33541,             0.31807,             0.68352,            0.052573,                   0,             0.12041
                  50,            0.062931,            0.061166,            0.039182,             0.65288,             0.33016,             0.25166,             0.10562,            0.054109,            0.063041,            0.033117,             0.00505,             0.00505,             0.00505,             0.12257,            0.083662,             0.34948,            0.022628,                   0,            0.055371,             0.33541,             0.31807,             0.68352,            0.052573,                   0,             0.12041
                  51,             0.07155,            0.089349,            0.043086,             0.79249,             0.42647,             0.46719,             0.26584,            0.056575,            0.062833,             0.03267,             0.00505,             0.00505,             0.00505,             0.39675,             0.54626,             0.51721,             0.01488,                   0,             0.11994,              0.7751,             0.88735,             0.81617,             0.02246,                   0,             0.30205
                  52,            0.057468,            0.066671,            0.037296,             0.79249,             0.42647,             0.46719,             0.26584,            0.056575,            0.062833,             0.03267,            0.004951,            0.004951,            0.004951,             0.39675,             0.54626,             0.51721,             0.01488,                   0,             0.11994,              0.7751,             0.88735,             0.81617,             0.02246,                   0,             0.30205
                  53,            0.061165,            0.056875,            0.039944,             0.81506,             0.39412,             0.53528,             0.26374,            0.052333,            0.062108,            0.032629,            0.004852,            0.004852,            0.004852,             0.41272,              0.5521,             0.30715,           0.0077833,             0.10439,             0.19831,             0.69307,              0.9406,             0.94175,            0.011363,             0.27243,             0.35246
                  54,            0.059827,            0.071712,            0.041298,             0.81506,             0.39412,             0.53528,             0.26374,            0.052333,            0.062108,            0.032629,            0.004753,            0.004753,            0.004753,             0.41272,              0.5521,             0.30715,           0.0077833,             0.10439,             0.19831,             0.69307,              0.9406,             0.94175,            0.011363,             0.27243,             0.35246
                  55,            0.061053,            0.054357,            0.039385,             0.60226,              0.3303,             0.18917,             0.06899,            0.068096,            0.063933,             0.03182,            0.004654,            0.004654,            0.004654,             0.15741,            0.061828,             0.14958,           0.0075158,                   0,            0.037606,             0.32815,             0.12313,             0.52403,            0.017445,                   0,             0.14225
                  56,            0.067022,            0.054735,            0.040618,             0.60226,              0.3303,             0.18917,             0.06899,            0.068096,            0.063933,             0.03182,            0.004555,            0.004555,            0.004555,             0.15741,            0.061828,             0.14958,           0.0075158,                   0,            0.037606,             0.32815,             0.12313,             0.52403,            0.017445,                   0,             0.14225
                  57,            0.069783,            0.061142,            0.039151,             0.79231,             0.40223,             0.39577,             0.16374,            0.046948,            0.061917,            0.031545,            0.004456,            0.004456,            0.004456,             0.13406,             0.46753,             0.28536,           0.0055899,            0.026104,            0.063804,             0.38746,             0.94249,             0.69798,            0.010754,             0.16481,             0.17112
                  58,            0.052858,             0.09183,            0.039437,             0.79231,             0.40223,             0.39577,             0.16374,            0.046948,            0.061917,            0.031545,            0.004357,            0.004357,            0.004357,             0.13406,             0.46753,             0.28536,           0.0055899,            0.026104,            0.063804,             0.38746,             0.94249,             0.69798,            0.010754,             0.16481,             0.17112
                  59,            0.049136,             0.05453,            0.039763,             0.64263,             0.36212,             0.35152,             0.15059,            0.051719,            0.060852,            0.030557,            0.004258,            0.004258,            0.004258,              0.2778,              0.1715,             0.28101,           0.0068189,            0.063899,              0.1025,             0.72048,             0.31783,             0.71252,            0.011051,             0.15792,              0.1893
                  60,            0.054898,              0.0678,            0.038927,             0.64263,             0.36212,             0.35152,             0.15059,            0.051719,            0.060852,            0.030557,            0.004159,            0.004159,            0.004159,              0.2778,              0.1715,             0.28101,           0.0068189,            0.063899,              0.1025,             0.72048,             0.31783,             0.71252,            0.011051,             0.15792,              0.1893
                  61,             0.05397,            0.064786,            0.039602,             0.84167,             0.41061,             0.52084,             0.28717,            0.043093,             0.06206,            0.030207,             0.00406,             0.00406,             0.00406,             0.47936,             0.62287,             0.41618,           0.0071908,            0.043375,             0.15406,             0.83346,             0.98476,             0.90387,            0.011188,              0.1071,             0.28465
                  62,            0.048793,            0.050089,            0.039112,             0.84167,             0.41061,             0.52084,             0.28717,            0.043093,             0.06206,            0.030207,            0.003961,            0.003961,            0.003961,             0.47936,             0.62287,             0.41618,           0.0071908,            0.043375,             0.15406,             0.83346,             0.98476,             0.90387,            0.011188,              0.1071,             0.28465
                  63,            0.052963,             0.06677,            0.038433,             0.90632,             0.46871,             0.52036,             0.28646,            0.048248,            0.061833,            0.029469,            0.003862,            0.003862,            0.003862,             0.66268,             0.47702,             0.30001,            0.011477,            0.030673,             0.23688,             0.95989,               0.995,             0.74618,            0.015285,             0.05015,             0.35565
                  64,            0.055181,            0.077774,            0.035328,             0.90632,             0.46871,             0.52036,             0.28646,            0.048248,            0.061833,            0.029469,            0.003763,            0.003763,            0.003763,             0.66268,             0.47702,             0.30001,            0.011477,            0.030673,             0.23688,             0.95989,               0.995,             0.74618,            0.015285,             0.05015,             0.35565
                  65,            0.055467,            0.043818,            0.042129,             0.91157,             0.46667,             0.57606,             0.29787,            0.037555,            0.057201,            0.029095,            0.003664,            0.003664,            0.003664,             0.35103,             0.57599,             0.60225,            0.018108,            0.082823,               0.157,             0.93703,               0.995,             0.95949,            0.027113,             0.16349,             0.37425
                  66,            0.041542,            0.041846,            0.039662,             0.91157,             0.46667,             0.57606,             0.29787,            0.037555,            0.057201,            0.029095,            0.003565,            0.003565,            0.003565,             0.35103,             0.57599,             0.60225,            0.018108,            0.082823,               0.157,             0.93703,               0.995,             0.95949,            0.027113,             0.16349,             0.37425
                  67,            0.044441,            0.061453,            0.037625,             0.87526,             0.47061,             0.54787,             0.31765,            0.044409,            0.061264,            0.028528,            0.003466,            0.003466,            0.003466,             0.53338,              0.6553,             0.39953,            0.015314,            0.083406,             0.21898,             0.93797,               0.995,             0.79382,             0.02384,             0.15375,             0.38287
                  68,             0.05522,            0.087239,            0.033302,             0.87526,             0.47061,             0.54787,             0.31765,            0.044409,            0.061264,            0.028528,            0.003367,            0.003367,            0.003367,             0.53338,              0.6553,             0.39953,            0.015314,            0.083406,             0.21898,             0.93797,               0.995,             0.79382,             0.02384,             0.15375,             0.38287
                  69,            0.053376,             0.06546,            0.034567,             0.96423,             0.46449,              0.5827,             0.35677,            0.034386,             0.05601,              0.0284,            0.003268,            0.003268,            0.003268,             0.50941,             0.63592,             0.70038,            0.028159,            0.066996,             0.19977,             0.93554,               0.995,             0.99425,             0.04295,             0.15439,             0.37408
                  70,            0.039944,            0.053412,            0.036173,             0.96423,             0.46449,              0.5827,             0.35677,            0.034386,             0.05601,              0.0284,            0.003169,            0.003169,            0.003169,             0.50941,             0.63592,             0.70038,            0.028159,            0.066996,             0.19977,             0.93554,               0.995,             0.99425,             0.04295,             0.15439,             0.37408
                  71,            0.036712,            0.054531,            0.037856,               0.866,             0.42719,             0.54839,             0.33584,            0.048667,            0.066903,            0.027978,             0.00307,             0.00307,             0.00307,             0.56646,             0.65762,             0.47038,            0.027188,            0.074733,             0.21864,             0.94223,             0.99109,             0.71338,            0.042148,             0.18683,             0.41465
                  72,            0.050631,            0.066137,            0.036942,               0.866,             0.42719,             0.54839,             0.33584,            0.048667,            0.066903,            0.027978,            0.002971,            0.002971,            0.002971,             0.56646,             0.65762,             0.47038,            0.027188,            0.074733,             0.21864,             0.94223,             0.99109,             0.71338,            0.042148,             0.18683,             0.41465
                  73,            0.049513,            0.070073,             0.03581,              0.8841,             0.46422,              0.5827,             0.32679,            0.041029,            0.061817,            0.027639,            0.002872,            0.002872,            0.002872,             0.53397,             0.38151,             0.60363,            0.035744,             0.10312,             0.30276,             0.96996,               0.995,             0.86673,            0.051086,             0.16464,             0.44878
                  74,            0.043744,             0.03948,            0.036784,              0.8841,             0.46422,              0.5827,             0.32679,            0.041029,            0.061817,            0.027639,            0.002773,            0.002773,            0.002773,             0.53397,             0.38151,             0.60363,            0.035744,             0.10312,             0.30276,             0.96996,               0.995,             0.86673,            0.051086,             0.16464,             0.44878
                  75,            0.047221,            0.069325,            0.034734,             0.92616,              0.4839,             0.62419,             0.40741,            0.034257,            0.055636,            0.027386,            0.002674,            0.002674,            0.002674,             0.70104,             0.67081,             0.63517,            0.042609,             0.15433,             0.24053,             0.98848,               0.995,               0.995,            0.065198,             0.24864,             0.45284
                  76,            0.043624,             0.08207,            0.034149,             0.92616,              0.4839,             0.62419,             0.40741,            0.034257,            0.055636,            0.027386,            0.002575,            0.002575,            0.002575,             0.70104,             0.67081,             0.63517,            0.042609,             0.15433,             0.24053,             0.98848,               0.995,               0.995,            0.065198,             0.24864,             0.45284
                  77,            0.036603,            0.053794,             0.03369,             0.89683,             0.47847,             0.62597,             0.36839,            0.040305,            0.059878,            0.027131,            0.002476,            0.002476,            0.002476,             0.65559,             0.43767,             0.60327,             0.01802,             0.11134,             0.38444,             0.98848,               0.995,             0.96425,            0.026324,             0.21884,             0.56292
                  78,            0.043489,            0.061623,            0.036959,             0.89683,             0.47847,             0.62597,             0.36839,            0.040305,            0.059878,            0.027131,            0.002377,            0.002377,            0.002377,             0.65559,             0.43767,             0.60327,             0.01802,             0.11134,             0.38444,             0.98848,               0.995,             0.96425,            0.026324,             0.21884,             0.56292
                  79,            0.043175,            0.050177,            0.035838,             0.97173,             0.47597,              0.6375,             0.44833,             0.02833,            0.053038,             0.02688,            0.002278,            0.002278,            0.002278,             0.74176,             0.59119,             0.76685,            0.055016,             0.14212,             0.39304,              0.9825,               0.995,               0.995,            0.074449,             0.18604,             0.59201
                  80,            0.042038,            0.059653,               0.034,             0.97173,             0.47597,              0.6375,             0.44833,             0.02833,            0.053038,             0.02688,            0.002179,            0.002179,            0.002179,             0.74176,             0.59119,             0.76685,            0.055016,             0.14212,             0.39304,              0.9825,               0.995,               0.995,            0.074449,             0.18604,             0.59201
                  81,            0.040939,            0.044017,            0.037505,             0.90051,             0.47675,             0.64744,             0.44432,            0.033103,            0.055824,            0.026659,             0.00208,             0.00208,             0.00208,             0.73664,             0.63759,              0.6926,             0.07751,            0.079134,             0.44243,               0.985,               0.995,              0.9914,             0.10636,             0.14319,             0.66372
                  82,            0.040532,            0.056776,            0.034726,             0.90051,             0.47675,             0.64744,             0.44432,            0.033103,            0.055824,            0.026659,            0.001981,            0.001981,            0.001981,             0.73664,             0.63759,              0.6926,             0.07751,            0.079134,             0.44243,               0.985,               0.995,              0.9914,             0.10636,             0.14319,             0.66372
                  83,            0.038309,            0.063604,            0.036616,                0.96,              0.4706,             0.66132,             0.43668,            0.029938,            0.054039,             0.02646,            0.001882,            0.001882,            0.001882,             0.74074,              0.5222,             0.67409,            0.085364,              0.1188,             0.47891,             0.98848,               0.995,               0.995,             0.13394,             0.16408,              0.6914
                  84,            0.035592,            0.051829,            0.037194,                0.96,              0.4706,             0.66132,             0.43668,            0.029938,            0.054039,             0.02646,            0.001783,            0.001783,            0.001783,             0.74074,              0.5222,             0.67409,            0.085364,              0.1188,             0.47891,             0.98848,               0.995,               0.995,             0.13394,             0.16408,              0.6914
                  85,            0.035447,            0.046808,            0.034307,             0.96689,             0.46667,             0.66644,             0.45315,            0.030393,            0.054376,            0.026375,            0.001684,            0.001684,            0.001684,             0.64118,             0.69687,              0.7355,             0.10761,            0.079297,             0.45845,             0.98065,               0.995,               0.995,              0.1583,             0.11439,             0.75529
                  86,            0.033816,             0.06289,            0.034383,             0.96689,             0.46667,             0.66644,             0.45315,            0.030393,            0.054376,            0.026375,            0.001585,            0.001585,            0.001585,             0.64118,             0.69687,              0.7355,             0.10761,            0.079297,             0.45845,             0.98065,               0.995,               0.995,              0.1583,             0.11439,             0.75529
                  87,            0.034794,            0.066411,            0.033146,             0.96487,             0.46667,             0.66729,             0.46472,            0.027025,             0.05293,            0.026255,            0.001486,            0.001486,            0.001486,             0.67102,             0.65185,             0.76587,             0.11819,            0.053381,             0.52801,             0.97845,               0.995,               0.995,                0.17,            0.075264,             0.79003
                  88,            0.036802,            0.045415,            0.035645,             0.96487,             0.46667,             0.66729,             0.46472,            0.027025,             0.05293,            0.026255,            0.001387,            0.001387,            0.001387,             0.67102,             0.65185,             0.76587,             0.11819,            0.053381,             0.52801,             0.97845,               0.995,               0.995,                0.17,            0.075264,             0.79003
                  89,            0.036414,            0.046714,             0.03108,             0.96946,             0.46667,             0.67106,             0.44389,            0.031916,            0.054245,            0.026199,            0.001288,            0.001288,            0.001288,             0.58472,             0.68736,             0.75578,             0.11629,            0.052824,             0.46636,             0.96985,               0.995,               0.995,             0.18824,            0.080723,             0.79755
                  90,            0.032868,            0.056283,            0.032433,             0.96946,             0.46667,             0.67106,             0.44389,            0.031916,            0.054245,            0.026199,            0.001189,            0.001189,            0.001189,             0.58472,             0.68736,             0.75578,             0.11629,            0.052824,             0.46636,             0.96985,               0.995,               0.995,             0.18824,            0.080723,             0.79755
                  91,            0.035529,            0.074672,            0.032696,             0.97066,             0.46239,             0.67037,             0.48044,            0.024349,            0.050696,            0.026098,             0.00109,             0.00109,             0.00109,             0.70221,             0.67127,             0.80729,             0.13775,            0.053973,             0.51012,             0.97696,               0.995,               0.995,             0.18824,            0.076007,               0.791
                  92,            0.031807,            0.054409,            0.032104,             0.97066,             0.46239,             0.67037,             0.48044,            0.024349,            0.050696,            0.026098,            0.000991,            0.000991,            0.000991,             0.70221,             0.67127,             0.80729,             0.13775,            0.053973,             0.51012,             0.97696,               0.995,               0.995,             0.18824,            0.076007,               0.791
                  93,            0.031739,            0.066826,            0.031968,             0.97071,             0.46547,             0.66791,             0.48269,            0.023202,            0.050184,             0.02602,            0.000892,            0.000892,            0.000892,             0.75833,             0.66026,             0.74432,             0.13544,            0.056735,             0.54104,             0.98136,               0.995,               0.995,             0.16988,            0.074456,             0.79176
                  94,            0.033233,            0.058627,              0.0319,             0.97071,             0.46547,             0.66791,             0.48269,            0.023202,            0.050184,             0.02602,            0.000793,            0.000793,            0.000793,             0.75833,             0.66026,             0.74432,             0.13544,            0.056735,             0.54104,             0.98136,               0.995,               0.995,             0.16988,            0.074456,             0.79176
                  95,            0.034704,            0.069704,            0.033722,             0.96968,             0.46767,             0.66712,             0.49233,             0.02316,            0.049742,            0.025984,            0.000694,            0.000694,            0.000694,              0.7504,             0.70179,             0.79972,             0.13367,            0.055552,             0.51287,             0.98328,               0.995,               0.995,             0.16988,            0.075483,             0.78407
                  96,            0.038518,            0.072416,            0.034543,             0.96968,             0.46767,             0.66712,             0.49233,             0.02316,            0.049742,            0.025984,            0.000595,            0.000595,            0.000595,              0.7504,             0.70179,             0.79972,             0.13367,            0.055552,             0.51287,             0.98328,               0.995,               0.995,             0.16988,            0.075483,             0.78407
                  97,            0.030152,            0.054381,            0.032802,             0.97187,             0.46842,             0.66565,             0.49198,            0.022989,            0.049628,            0.025968,            0.000496,            0.000496,            0.000496,             0.75039,              0.6907,             0.81904,             0.12798,            0.053363,             0.51043,             0.98328,               0.995,               0.995,             0.16583,            0.075483,             0.77933
                  98,            0.032054,            0.057662,            0.031696,             0.97187,             0.46842,             0.66565,             0.49198,            0.022989,            0.049628,            0.025968,            0.000397,            0.000397,            0.000397,             0.75039,              0.6907,             0.81904,             0.12798,            0.053363,             0.51043,             0.98328,               0.995,               0.995,             0.16583,            0.075483,             0.77933
                  99,            0.028944,            0.049036,            0.029291,             0.97554,             0.47197,             0.67159,              0.5007,            0.022508,             0.04953,            0.025908,            0.000298,            0.000298,            0.000298,             0.75958,             0.69297,             0.81446,             0.14808,            0.055807,             0.53327,             0.98591,               0.995,               0.995,             0.18824,            0.075483,             0.78993
